-- insert data for Professor table
INSERT INTO Professor (Professor_ID, Professor_Major, Firstname, Lastname, Professor_Address, Professor_Birthday, Professor_Salary, Professor_Age, Professor_Gender)
    VALUES  (1,'CS','Komate','Amphawan','123/456 Sukhumvit Road, Bangkok, 10110','1980-01-01',50000.00,43,'Male'),
            (2,'CS','Pichet','Wayalun','789 Ratchadamri Street, Chiang Mai, 50200','1976-11-23',40000.00,47,'Male'),
            (3,'CS','Benchaporn','Jantarakongkul','234 Phuket Beach Road, Phuket, 83000','1985-05-05',40000.00,38,'Female'),
            (4,'CS','Pusit','Kulkasem','567 Riverside Avenue, Ayutthaya, 13000','1988-08-08',40000.00,35,'Male'),
            (5,'CS','Janya','Onpans','890 Rama 9 Road, Bangkok, 10110','1990-10-10',40000.00,33,'Female'),
            (6,'CS','Worawit','Werapan','901/234 Ratchadapisek Road, Bangkok, 10110','1989-09-09',40000.00,34,'Male'),
            (7,'CS','Waranrach','Viriyavit','890 Jasmine Lane, Pattaya, 20150','1992-06-07',40000.00,31,'Male'),

            (8,'IT','Ungsumalee', 'Suttapakti','345 Lotus Street, Krabi, 81000','1980-01-01',50000.00,43,'Female'),
            (9,'IT','Aekapop','Bunpeng','678 Orchid Gardens, Nakhon Ratchasima, 30000','1985-03-22',40000.00,38,'Male'),
            (10,'IT','Hemmarat','Wachirahatthapong','901 Coconut Grove, Udon Thani, 41000','1985-10-11',40000.00,38,'Male'),
            (11,'IT','Wittawas','Puntumchinda','432 Pine Forest Road, Hua Hin, 77110','1979-02-01',40000.00,44,'Male'),
            (12,'IT','Kanuengnij','Kubola','765 Mango Lane, Surat Thani, 84000','1985-03-23',40000.00,38,'Female'),
            (13,'IT','Prajaks','Jitngernmadan','321 Royal Avenue, Phitsanulok, 65000','1976-09-02',40000.00,47,'Male'),
            (14,'IT','Kamal','Baha','654 Jasmine Street, Samut Prakan, 10270','1985-03-23',40000.00,38,'Male'),

            (15,'SE','Peerasak','Pianprasit','102 Mabmayom Road, Chonburi 20130','1986-04-20',50000.00,37,'Male'),
            (16,'SE','Athita','On-uean','458 Orchid Gardens, Nakhon Ratchasima, 30000','1990-06-14',40000.00,33,'Female'),
            (17,'SE','Nuttaporn','Phakdee','300 Jasmine Lane, Pattaya, 20150','1980-07-09',40000.00,43,'Female'),
            (18,'SE','Jirayus','Arbking','459 Pine Forest Road, Hua Hin, 77110','1985-05-17',40000.00,38,'Male'),
            (19,'SE','Wantana','Sisomboon','753 Mabmayom Road, Chonburi 20130','1985-01-01',40000.00,38,'Female'),
            (20,'SE','Apisit','Saengsai','159/25 Ratchadapisek Road, Bangkok, 10110','1990-04-23',40000.00,33,'Male'),

            (21,'AAI','Supawadee','Srikamdee','651 Coconut Grove, Udon Thani, 41000','1990-09-19',50000.00,33,'Female'),
            (22,'AAI','Prawit','Boonmee','852 Rama 9 Road, Bangkok, 10110','1991-04-29',40000.00,32,'Male'),
            (23,'AAI','Krisana','Chinnasarn','143 Jasmine Lane, Pattaya, 20150','1976-10-10',50000.00,47,'Male'),
            (24,'AAI','Watcharaphong','Yookwan','302 Mabmayom Road, Chonburi 20130','1992-06-25',40000.00,31,'Male'),
            (25,'AAI','Ponlawat','Chophuk','946 Saensuk Land, Chonburi 20131','1991-02-28',40000.00,32,'Male'),
            (26,'AAI','John Gatewood','Ham','86 Las Vegas, America 56','1967-10-31',40000.00,56,'Male'),

            (27,'M.Sc.','Ureerat','Suksawatchon','831 Royal Avenue, Phitsanulok, 65000','1976-03-06',60000.00,47,'Female'),
            (28,'M.Sc.','Jakkarin','Suksawatchon','325 Mabmayom Road, Chonburi 20130','1991-06-24',50000.00,32,'Male'),
            (29,'M.Sc.','Sunisa','Rimcharoen','365 Saensuk Land, Chonburi 20131','1992-04-01',50000.00,31,'Female'),
            (30,'M.Sc.','Nutthanon','Leelathakul','7523 Coconut Grove, Udon Thani, 41000','1991-06-22',50000.00,32,'Male');





-- insert data for ProfessorEmail table
INSERT INTO ProfessorEmail (Professor_Email, Professor_ID)
    VALUES  ('komate@gmail.com',1),
            ('pichet.wa@go.buu.ac.th',2),
            ('benchapo@go.buu.ac.th',3),
            ('benchaporn@informatics.buu.ac.th',3),
            ('pusit@go.buu.ac.th',4),
            ('mai.janya@gmail.com',5),
            ('werapan@go.buu.ac.th',6),
            ('waranrach.v@gmail.com',7),
            ('ungsumalee.su@go.buu.ac.th',8),
            ('aekapop@buu.ac.th',9),
            ('hemmarat@go.buu.ac.th',10),
            ('wittawas@go.buu.ac.th',11),
            ('kubola@go.buu.ac.th',12),
            ('prajaks@buu.ac.th',13),
            ('kamal.ba@informatics.buu.ac.th',14),
            ('peerasak@buu.ac.th',15),
            ('athitha@go.buu.ac.th',16),
            ('nuttaporn@go.buu.ac.th',17),
            ('jirayu.ar@go.buu.ac.th',18),
            ('jirayus@informatics.buu.ac.th',18),
            ('wantanasi@go.buu.ac.th',19),
            ('apisit.sa@buu.ac.th',20),
            ('srikamdee@buu.ac.th',21),
            ('prawit@buu.ac.th',22),
            ('krisana@informatics.buu.ac.th',23),
            ('wyookwan@informatics.buu.ac.th',24),
            ('ponlawat.ch@buu.ac.th',25),
            ('ponlawat.ch@go.buu.ac.th',25),
            ('john@buu.ac.th',26),
            ('ureerat@go.buu.ac.th',27),
            ('jakkarin@go.buu.ac.th',28),
            ('rsunisa@buu.ac.th',29),
            ('nutthanon@buu.ac.th',30);

-- insert data for ProfessorPhone table
INSERT INTO ProfessorPhone (Professor_Phone, Professor_ID)
    VALUES  ('0239218811',1),
            ('0241133331',2),
            ('0123456781',3),
            ('0523456789',4),
            ('0887654321',5),
            ('0543219876',6),
            ('0123456789',7),
            ('0234567891',8),
            ('0345678912',9),
            ('0456789123',10),
            ('0567891234',11),
            ('0678912345',12),
            ('0789123456',13),
            ('0891234567',14),
            ('0123456787',15),
            ('0935546996',16),
            ('0234255266',17),
            ('0891532625',18),
            ('0815255655',19),
            ('0895569556',20),
            ('0915164155',21),
            ('0815555544',22),
            ('0866666666',23),
            ('0874747474',24),
            ('0541752445',25),
            ('0924441441',26),
            ('0853252444',27),
            ('0841222254',28),
            ('0854225422',29),
            ('0914441117',30)
            ;